{"Victor":{"telefone":"5552378","cpf":"153426","nome":"Victor","crm":"123456"},"Julia":{"telefone":"981597643","cpf":"789456123","nome":"Julia","crm":"154444444"},"Nathan":{"telefone":"998563746","cpf":"456987123","nome":"Nathan","crm":"41500461235"},"Pedro":{"telefone":"153246789","cpf":"456789123","nome":"Pedro","crm":"15975346"},"Maria":{"telefone":"999465315","cpf":"159753456","nome":"Maria","crm":"15678912350"},"Carlos":{"telefone":"95867864","cpf":"159753","nome":"Carlos","crm":"12345"},"Mario":{"telefone":"21456378","cpf":"123456789","nome":"Mario","crm":"12345678910"}}